codon,number,usage
UUU,714298,0.017566469
UUC,824692,0.020281349
UUA,311881,0.007669975
UUG,525688,0.012928053
CUU,536515,0.013194317
CUC,796638,0.019591427
CUA,290751,0.007150333
CUG,1611801,0.039638432
AUU,650473,0.015996844
AUC,846466,0.020816829
AUA,304565,0.007490056
AUG,896005,0.022035123
GUU,448607,0.011032428
GUC,588138,0.014463863
GUA,287712,0.007075596
GUG,1143534,0.028122513
UCU,618711,0.015215733
UCC,718892,0.017679448
UCA,496448,0.012208964
UCG,179419,0.004412386
CCU,713233,0.017540278
CCC,804620,0.019787725
CCA,688038,0.016920667
CCG,281570,0.006924548
ACU,533609,0.013122851
ACC,768147,0.018890758
ACA,614523,0.015112739
ACG,246105,0.00605237
GCU,750096,0.018446836
GCC,1127679,0.027732597
GCA,643471,0.015824647
GCG,299495,0.007365371
UAU,495699,0.012190544
UAC,622407,0.015306628
UAA,40285,0.000990714
UAG,32109,0.000789645
CAU,441711,0.010862837
CAC,613713,0.015092819
CAA,501911,0.012343314
CAG,1391973,0.034232283
AAU,689701,0.016961564
AAC,776603,0.019098713
AAA,993621,0.024435758
AAG,1295568,0.03186143
GAU,885429,0.021775031
GAC,1020595,0.025099119
GAA,1177632,0.028961073
GAG,1609975,0.039593526
UGU,430311,0.010582481
UGC,513028,0.01261671
UGA,63237,0.001555164
UGG,535595,0.013171692
CGU,184609,0.004540022
CGC,423516,0.010415374
CGA,250760,0.006166849
CGG,464485,0.01142291
AGU,493429,0.012134719
AGC,791383,0.019462193
AGA,494682,0.012165533
AGG,486463,0.011963407
GGU,437126,0.01075008
GGC,903565,0.022221043
GGA,669873,0.016473942
GGG,669768,0.016471359
